No.;ID Distrik;Tanggal kejadian;Distrik;Propinsi;Latitude dan Longitude
1;9471;09/02/2023;KOTA JAYAPURA;PAPUA;Lintang : 2.60 LS  Bujur : 140.66 BT
2;9471;08/02/2023;KOTA JAYAPURA;PAPUA;Lintang : 2.50 LS  Bujur : 140.71 BT
3;3202;07/02/2023;SUKABUMI;JAWA BARAT;0
4;3205;01/02/2023;GARUT;JAWA BARAT;Lintang : 7.27 LS Bujur : 107.73 BT 
5;3204;28/01/2023;BANDUNG;JAWA BARAT;0
6;3203;24/01/2023;CIANJUR;JAWA BARAT;Lintang : 6.82 LS Bujur : 107.07 BT 
7;8207;18/01/2023;PULAU MOROTAI;MALUKU UTARA;Lintang : 2.80 LU Bujur : 127.11 BT
8;8205;18/01/2023;HALMAHERA UTARA;MALUKU UTARA;Lintang : 2.73 LU Bujur : 127.14 BT
9;8101;10/01/2023;KEPULAUAN TANIMBAR;MALUKU;Lintang : 6.47 LS Bujur  : 130.36 BT
10;8108;10/01/2023;MALUKU BARAT DAYA;MALUKU;Lintang : 7.25 LS Bujur  : 130.18 BT 
11;9471;02/01/2023;KOTA JAYAPURA;PAPUA;Lintang : 2.53 LS Bujur : 140.74 BT 
12;3208;22/12/2022;KUNINGAN;JAWA BARAT;Lintang : 6.99 LS Bujur : 108.48 BT 
13;5107;13/12/2022;KARANGASEM;BALI;0
14;3201;08/12/2022;BOGOR;JAWA BARAT;Lintang : 7.11 LS Bujur : 106.99 BT
15;3202;08/12/2022;SUKABUMI;JAWA BARAT;Lintang : 7.11 LS Bujur : 106.99 BT 
16;3201;03/12/2022;BOGOR;JAWA BARAT;0
17;3205;03/12/2022;GARUT;JAWA BARAT;Lintang : 7.51 LS Bujur :  107.52 BT
18;3512;23/11/2022;SITUBONDO;JAWA TIMUR;0
19;3201;21/11/2022;BOGOR;JAWA BARAT;Lintang : 6.84 LS Bujur : 107.05 BT 
20;3204;21/11/2022;BANDUNG;JAWA BARAT;Lintang : 6.84 LS Bujur : 107.05 BT 
21;3203;21/11/2022;CIANJUR;JAWA BARAT;Lintang : 6.84 LS Bujur : 107.05 BT 
22;3272;21/11/2022;KOTA SUKABUMI;JAWA BARAT;Lintang : 6.84 LS Bujur : 107.05 BT 
23;3202;21/11/2022;SUKABUMI;JAWA BARAT;Lintang : 6.84 LS Bujur : 107.05 BT 
24;3202;09/10/2022;SUKABUMI;JAWA BARAT; Lintang : 7.09 LS Bujur : 106.08 BT
25;3201;09/10/2022;BOGOR;JAWA BARAT;0
26;3602;09/10/2022;LEBAK;BANTEN;Lintang : 7.09 LS Bujur : 106.08 BT
27;1215;01/10/2022;HUMBANG HASUNDUTAN;SUMATERA UTARA;0
28;1205;01/10/2022;TAPANULI UTARA;SUMATERA UTARA;Lintang: 2.05 LU Bujur: 98.99 BT
29;1206;01/10/2022;TOBA;SUMATERA UTARA;Lintang: 2.05 LU Bujur: 98.99 BT
30;1204;01/10/2022;TAPANULI TENGAH;SUMATERA UTARA;Lintang: 2.05 LU Bujur: 98.99 BT
31;1312;28/09/2022;PASAMAN BARAT;SUMATERA BARAT;0
32;1301;11/09/2022;KEPULAUAN MENTAWAI;SUMATERA BARAT;0
33;9428;08/09/2022;MAMBERAMO RAYA;PAPUA;0
34;1301;29/08/2022;KEPULAUAN MENTAWAI;SUMATERA BARAT;0
35;1704;23/08/2022;KAUR;BENGKULU;Lintang : 5.22 LS  Bujur : 102.95 BT
36;1813;23/08/2022;PESISIR BARAT;LAMPUNG;Lintang : 5.22 LS  Bujur : 102.95 BT
37;5103;22/08/2022;BADUNG;BALI;Lintang : 9.36 LS Bujur : 115.59 BT 
38;5202;22/08/2022;LOMBOK TENGAH;NUSA TENGGARA BARAT;0
39;5107;29/07/2022;KARANGASEM;BALI;Lintang : 8.21 LS Bujur : 115.49 BT
40;3508;09/07/2022;LUMAJANG;JAWA TIMUR;Lintang : 9.57 LS Bujur : 112.93 BT 
41;7601;08/06/2022;MAJENE;SULAWESI BARAT;Lintang : 2.74 LS Bujur : 118.54 BT 
42;7604;08/06/2022;MAMUJU;SULAWESI BARAT;Lintang : 2.74 LS Bujur : 118.54 BT 
43;8108;27/05/2022;MALUKU BARAT DAYA;MALUKU;Lintang : 8.64 LS Bujur : 127.20 BT
44;8205;18/04/2022;HALMAHERA UTARA;MALUKU UTARA;Lintang : 1.90 LU  Bujur : 127.83 BT
45;3202;01/04/2022;SUKABUMI;JAWA BARAT;Lintang : 7.04 LS Bujur : 106.10 BT
46;7403;26/03/2022;KONAWE;SULAWESI TENGGARA;Lintang : 3.83 LS Bujur : 122.69 BT
47;7301;26/03/2022;SELAYAR;SULAWESI SELATAN;Lintang : 7.54 LS Bujur : 121.70 BT
48;8106;24/03/2022;SERAM BAGIAN BARAT;MALUKU;Lintang : 3.44 LS Bujur : 128.40 BT
49;1214;14/03/2022;NIAS SELATAN;SUMATERA UTARA;Lintang : 0.71 LS Bujur : 98.50 BT 
50;1306;25/02/2022;PADANG PARIAMAN;SUMATERA BARAT;0
51;1307;25/02/2022;AGAM;SUMATERA BARAT;0
52;1308;25/02/2022;LIMA PULUH KOTA;SUMATERA BARAT;0
53;1309;25/02/2022;PASAMAN;SUMATERA BARAT;0
54;1312;25/02/2022;PASAMAN BARAT;SUMATERA BARAT;0
55;7104;22/01/2022;KEPULAUAN TALAUD;SULAWESI UTARA;Lintang : 3.67 LU Bujur : 126.82 BT 
56;3602;14/01/2022;LEBAK;BANTEN;Lintang : 7.21 LS Bujur : 105.05 BT
57;3601;14/01/2022;PANDEGLANG;BANTEN;Lintang : 7.21 LS Bujur : 105.05 BT
58;3201;14/01/2022;BOGOR;JAWA BARAT;Lintang : 7.21 LS Bujur : 105.05 BT
59;3202;14/01/2022;SUKABUMI;JAWA BARAT;Lintang : 7.21 LS Bujur : 105.05 BT
60;3604;14/01/2022;SERANG;BANTEN;Lintang : 7.21 LS Bujur : 105.05 BT
61;3603;14/01/2022;TANGERANG;BANTEN;Lintang : 7.21 LS Bujur : 105.05 BT
62;8205;10/01/2022;HALMAHERA UTARA;MALUKU UTARA;Lintang : 1.49 LU Bujur : 127.85 BT
63;8108;30/12/2021;MALUKU BARAT DAYA;MALUKU;Lintang : 7.68 LS Bujur : 127.55 BT 
64;3509;16/12/2021;JEMBER;JAWA TIMUR;Lintang : 8.55 LS Bujur : 113.49 BT
65;8108;16/12/2021;MALUKU BARAT DAYA;MALUKU;Lintang : 6.95 LS Bujur : 128.64 BT
66;5313;14/12/2021;MANGGARAI;NUSA TENGGARA TIMUR;0
67;5310;14/12/2021;SIKKA;NUSA TENGGARA TIMUR;0
68;7301;14/12/2021;SELAYAR;SULAWESI SELATAN;0
69;5309;14/12/2021;FLORES TIMUR;NUSA TENGGARA TIMUR;Lintang : 7.59 LS Bujur : 122.24 BT
70;8108;11/12/2021;MALUKU BARAT DAYA;MALUKU;Lintang : 6.98 LS Bujur :  128.68 BT
71;8103;04/11/2021;MALUKU TENGAH;MALUKU;Lintang : 2.81 LS Bujur  : 129.34 BT
72;5106;28/10/2021;BANGLI;BALI;Lintang  : 8.32 LS Bujur   : 115.45 BT
73;5107;28/10/2021;KARANGASEM;BALI;Lintang  : 8.32 LS Bujur   : 115.45 BT
74;3322;23/10/2021;SEMARANG;JAWA TENGAH;0
75;3505;22/10/2021;BLITAR;JAWA TIMUR;Lintang : 8.84 LS Bujur : 112.51 BT 
76;5108;16/10/2021;BULELENG;BALI;0
77;3329;28/09/2021;BREBES;JAWA TENGAH;0
78;7209;26/08/2021;TOJO UNA-UNA;SULAWESI TENGAH;Lintang : 0.70 LS Bujur : 121.51 BT
79;7202;26/07/2021;BANGGAI;SULAWESI TENGAH;0
80;7209;26/07/2021;TOJO UNA-UNA;SULAWESI TENGAH;Lintang : 0.73 LS Bujur : 121.92 BT
81;7603;22/07/2021;MAMASA;SULAWESI BARAT;0
82;3403;28/06/2021;GUNUNGKIDUL;DI YOGYAKARTA;Lintang : 8.49 LS Bujur : 110.59 BT
83;3402;28/06/2021;BANTUL;DI YOGYAKARTA;Lintang : 8.49 LS Bujur : 110.59 BT
84;8107;16/06/2021;SERAM BAGIAN TIMUR;MALUKU;Lintang : 3.42 LS Bujur : 129.57 BT
85;8171;16/06/2021;KOTA AMBON;MALUKU;Lintang : 3.42 LS Bujur : 129.57 BT
86;8106;16/06/2021;SERAM BAGIAN BARAT;MALUKU;Lintang : 3.42 LS Bujur : 129.57 BT
87;8103;16/06/2021;MALUKU TENGAH;MALUKU;Lintang : 3.42 LS Bujur : 129.57 BT
88;3508;21/05/2021;LUMAJANG;JAWA TIMUR;Lintang  : 8.63 LS Bujur : 112.34 BT
89;3509;21/05/2021;JEMBER;JAWA TIMUR;Lintang  : 8.63 LS Bujur : 112.34 BT
90;3573;21/05/2021;KOTA MALANG;JAWA TIMUR;Lintang  : 8.63 LS Bujur : 112.34 BT
91;3506;21/05/2021;KEDIRI;JAWA TIMUR;Lintang  : 8.63 LS Bujur : 112.34 BT
92;3505;21/05/2021;BLITAR;JAWA TIMUR;Lintang  : 8.63 LS Bujur : 112.34 BT
93;3514;21/05/2021;PASURUAN;JAWA TIMUR;Lintang  : 8.63 LS Bujur : 112.34 BT
94;3572;21/05/2021;KOTA BLITAR;JAWA TIMUR;Lintang  : 8.63 LS Bujur : 112.34 BT
95;3507;21/05/2021;MALANG;JAWA TIMUR;Lintang  : 8.63 LS Bujur : 112.34 BT
96;3201;27/04/2021;BOGOR;JAWA BARAT;Lintang : 7.86 LS Bujur : 106.87 BT
97;3202;27/04/2021;SUKABUMI;JAWA BARAT;Lintang : 7.86 LS Bujur : 106.87 BT
98;3502;10/04/2021;PONOROGO;JAWA TIMUR;0
99;3518;10/04/2021;NGANJUK;JAWA TIMUR;0
100;3573;10/04/2021;KOTA MALANG;JAWA TIMUR;0
101;3505;10/04/2021;BLITAR;JAWA TIMUR;0
102;3511;10/04/2021;BONDOWOSO;JAWA TIMUR;0
103;3513;10/04/2021;PROBOLINGGO;JAWA TIMUR;0
104;3503;10/04/2021;TRENGGALEK;JAWA TIMUR;0
105;3508;10/04/2021;LUMAJANG;JAWA TIMUR;0
106;3510;10/04/2021;BANYUWANGI;JAWA TIMUR;0
107;3507;10/04/2021;MALANG;JAWA TIMUR;0
108;3506;10/04/2021;KEDIRI;JAWA TIMUR;0
109;3571;10/04/2021;KOTA KEDIRI;JAWA TIMUR;0
110;3572;10/04/2021;KOTA BLITAR;JAWA TIMUR;0
111;3509;10/04/2021;JEMBER;JAWA TIMUR;0
112;3504;10/04/2021;TULUNGAGUNG;JAWA TIMUR;0
113;3579;10/04/2021;KOTA BATU;JAWA TIMUR;0
114;3501;10/04/2021;PACITAN;JAWA TIMUR;0
115;3514;10/04/2021;PASURUAN;JAWA TIMUR;0
116;1301;05/03/2021;KEPULAUAN MENTAWAI;SUMATERA BARAT;Lintang : 1.76 LS Bujur : 99.14 BT
117;8204;26/02/2021;HALMAHERA SELATAN;MALUKU UTARA;Lintang : 0.54 LS Bujur : 127.51 BT
118;8105;31/01/2021;KEPULAUAN ARU;MALUKU;Lintang : 5.48 LS Bujur : 133.62 BT 
119;7104;21/01/2021;KEPULAUAN TALAUD;SULAWESI UTARA;Lintang : 4.98 LU Bujur : 127.38 BT
120;7601;15/01/2021;MAJENE;SULAWESI BARAT;Lintang : 2.99 LS Bujur : 118.89 BT
121;7603;15/01/2021;MAMASA;SULAWESI BARAT;Lintang : 2.99 LS Bujur : 118.89 BT
122;7602;15/01/2021;POLEWALI MANDAR;SULAWESI BARAT;Lintang : 2.99 LS Bujur : 118.89 BT
123;7604;15/01/2021;MAMUJU;SULAWESI BARAT;Lintang : 2.99 LS Bujur : 118.89 BT
124;7606;14/01/2021;MAMUJU TENGAH;SULAWESI BARAT;0
125;7606;14/01/2021;MAMUJU TENGAH;SULAWESI BARAT;0
126;7606;14/01/2021;MAMUJU TENGAH;SULAWESI BARAT;0
127;3208;11/12/2020;KUNINGAN;JAWA BARAT;Lintang : 7.07 LS Bujur : 108.87 BT
128;3203;03/11/2020;CIANJUR;JAWA BARAT;0
129;7606;28/10/2020;MAMUJU TENGAH;SULAWESI BARAT;Lintang : 2.24 LS Bujur : 119.22 BT
130;3207;25/10/2020;CIAMIS;JAWA BARAT;0
131;3279;25/10/2020;KOTA BANJAR;JAWA BARAT;0
132;3205;25/10/2020;GARUT;JAWA BARAT;0
133;3218;25/10/2020;PANGANDARAN;JAWA BARAT;0
134;3278;25/10/2020;KOTA TASIKMALAYA;JAWA BARAT;0
135;3206;25/10/2020;TASIKMALAYA;JAWA BARAT;0
136;7104;09/09/2020;KEPULAUAN TALAUD;SULAWESI UTARA;0
137;3320;07/07/2020;JEPARA;JAWA TENGAH;0
138;1172;18/06/2020;KOTA SABANG;ACEH;0
139;5204;13/06/2020;SUMBAWA;NUSA TENGGARA BARAT;0
140;5205;13/06/2020;DOMPU;NUSA TENGGARA BARAT;0
141;8271;04/06/2020;KOTA TERNATE;MALUKU UTARA;0
142;8207;04/06/2020;PULAU MOROTAI;MALUKU UTARA;0
143;8205;04/06/2020;HALMAHERA UTARA;MALUKU UTARA;0
144;1172;04/06/2020;KOTA SABANG;ACEH;0
145;8201;04/06/2020;HALMAHERA BARAT;MALUKU UTARA;0
146;1203;30/04/2020;TAPANULI SELATAN;SUMATERA UTARA;0
147;7210;28/03/2020;SIGI;SULAWESI TENGAH;Lintang : 1.72 LS  Bujur : 120.14 BT 
148;9403;26/03/2020;JAYAPURA;PAPUA;Lintang : 2.72 LS Bujur : 139.26 BT
149;3207;11/03/2020;CIAMIS;JAWA BARAT;0
150;3202;10/03/2020;SUKABUMI;JAWA BARAT;Lintang : 6.89 LS Bujur : 106.62 BT
151;3201;10/03/2020;BOGOR;JAWA BARAT;Lintang : 6.89 LS Bujur : 106.62 BT
152;8103;08/02/2020;MALUKU TENGAH;MALUKU;0
153;1101;22/01/2020;SIMEULUE;ACEH;0
154;1101;07/01/2020;SIMEULUE;ACEH;0
155;3202;26/12/2019;SUKABUMI;JAWA BARAT;0
156;8103;25/11/2019;MALUKU TENGAH;MALUKU;0
157;7102;14/11/2019;MINAHASA;SULAWESI UTARA;0
158;8271;14/11/2019;KOTA TERNATE;MALUKU UTARA;0
159;8171;14/11/2019;KOTA AMBON;MALUKU;0
160;7109;14/11/2019;MINAHASA TENGGARA;SULAWESI UTARA;0
161;3508;13/11/2019;LUMAJANG;JAWA TIMUR;0
162;8103;12/11/2019;MALUKU TENGAH;MALUKU;0
163;8171;12/11/2019;KOTA AMBON;MALUKU;0
164;8171;10/10/2019;KOTA AMBON;MALUKU;0
165;3202;01/10/2019;SUKABUMI;JAWA BARAT;0
166;8103;26/09/2019;MALUKU TENGAH;MALUKU;0
167;8171;26/09/2019;KOTA AMBON;MALUKU;0
168;8106;26/09/2019;SERAM BAGIAN BARAT;MALUKU;0
169;3601;02/08/2019;PANDEGLANG;BANTEN;0
170;3203;02/08/2019;CIANJUR;JAWA BARAT;0
171;3202;02/08/2019;SUKABUMI;JAWA BARAT;0
172;3205;02/08/2019;GARUT;JAWA BARAT;0
173;3604;02/08/2019;SERANG;BANTEN;0
174;3271;02/08/2019;KOTA BOGOR;JAWA BARAT;0
175;3201;02/08/2019;BOGOR;JAWA BARAT;0
176;3602;02/08/2019;LEBAK;BANTEN;0
177;3278;02/08/2019;KOTA TASIKMALAYA;JAWA BARAT;0
178;3204;02/08/2019;BANDUNG;JAWA BARAT;0
179;3301;02/08/2019;CILACAP;JAWA TENGAH;0
180;3672;02/08/2019;KOTA CILEGON;BANTEN;0
181;1803;02/08/2019;LAMPUNG SELATAN;LAMPUNG;0
182;3217;02/08/2019;BANDUNG BARAT;JAWA BARAT;0
183;3510;16/07/2019;BANYUWANGI;JAWA TIMUR;0
184;5103;16/07/2019;BADUNG;BALI;0
185;3509;16/07/2019;JEMBER;JAWA TIMUR;0
186;5171;16/07/2019;KOTA DENPASAR;BALI;0
187;5108;16/07/2019;BULELENG;BALI;0
188;5101;16/07/2019;JEMBRANA;BALI;0
189;5104;16/07/2019;GIANYAR;BALI;0
190;8204;14/07/2019;HALMAHERA SELATAN;MALUKU UTARA;0
191;5204;13/07/2019;SUMBAWA;NUSA TENGGARA BARAT;Lintang : 8.97 LS Bujur : 117.83 BT
192;8204;11/07/2019;HALMAHERA SELATAN;MALUKU UTARA;0
193;8108;24/06/2019;MALUKU BARAT DAYA;MALUKU;0
194;9431;24/06/2019;MAMBERAMO TENGAH;PAPUA;0
195;9419;20/06/2019;SARMI;PAPUA;0
196;9431;20/06/2019;MAMBERAMO TENGAH;PAPUA;0
197;3320;22/05/2019;JEPARA;JAWA TENGAH;0
198;7202;11/04/2019;BANGGAI;SULAWESI TENGAH;Lintang: 1.90 LS Bujur : 122.54 BT
199;3529;02/04/2019;SUMENEP;JAWA TIMUR; Lintang : 7.24 LS Bujur : 114.60 BT 
200;7204;24/03/2019;POSO;SULAWESI TENGAH;0
201;3278;21/03/2019;KOTA TASIKMALAYA;JAWA BARAT;0
202;1306;20/03/2019;PADANG PARIAMAN;SUMATERA BARAT;Lintang : 0.46 LS Bujur : 100.23 BT 
203;5208;17/03/2019;LOMBOK UTARA;NUSA TENGGARA BARAT;Lintang : 8.30 LS Bujur : 116.60 BT
204;5203;17/03/2019;LOMBOK TIMUR;NUSA TENGGARA BARAT;Lintang : 8.30 LS Bujur : 116.60 BT
205;1310;28/02/2019;SOLOK SELATAN;SUMATERA BARAT;0
206;3205;11/02/2019;GARUT;JAWA BARAT;0
207;8207;07/02/2019;PULAU MOROTAI;MALUKU UTARA;0
208;1301;02/02/2019;KEPULAUAN MENTAWAI;SUMATERA BARAT;Lintang: 3.06 LS Bujur: 99.88 BT
209;8102;26/01/2019;MALUKU TENGGARA;MALUKU;Lintang : 5.51 LS Bujur : 133.81 BT
210;5301;22/01/2019;SUMBA BARAT;NUSA TENGGARA TIMUR;0
211;3202;08/01/2019;SUKABUMI;JAWA BARAT;0
212;9105;28/12/2018;MANOKWARI;PAPUA BARAT;0
213;7313;17/12/2018;WAJO;SULAWESI SELATAN;0
214;5201;06/12/2018;LOMBOK BARAT;NUSA TENGGARA BARAT;0
215;5107;06/12/2018;KARANGASEM;BALI;0
216;5208;06/12/2018;LOMBOK UTARA;NUSA TENGGARA BARAT;0
217;5108;06/12/2018;BULELENG;BALI;0
218;7603;15/11/2018;MAMASA;SULAWESI BARAT;0
219;5102;15/11/2018;TABANAN;BALI;0
220;7603;08/11/2018;MAMASA;SULAWESI BARAT;0
221;3509;11/10/2018;JEMBER;JAWA TIMUR;0
222;5108;11/10/2018;BULELENG;BALI;0
223;3512;11/10/2018;SITUBONDO;JAWA TIMUR;0
224;5101;11/10/2018;JEMBRANA;BALI;0
225;3529;11/10/2018;SUMENEP;JAWA TIMUR;0
226;3513;11/10/2018;PROBOLINGGO;JAWA TIMUR;0
227;7314;09/10/2018;SIDENRENG RAPPANG;SULAWESI SELATAN;0
228;5302;02/10/2018;SUMBA TIMUR;NUSA TENGGARA TIMUR;0
229;7210;28/09/2018;SIGI;SULAWESI TENGAH;0
230;7271;28/09/2018;KOTA PALU;SULAWESI TENGAH;0
231;7605;28/09/2018;PASANGKAYU;SULAWESI BARAT;0
232;7208;28/09/2018;PARIGI MOUTONG;SULAWESI TENGAH;0
233;7205;28/09/2018;DONGGALA;SULAWESI TENGAH;0
234;5207;19/08/2018;SUMBAWA BARAT;NUSA TENGGARA BARAT;0
235;5204;19/08/2018;SUMBAWA;NUSA TENGGARA BARAT;0
236;5203;19/08/2018;LOMBOK TIMUR;NUSA TENGGARA BARAT;0
237;5103;19/08/2018;BADUNG;BALI;0
238;5202;19/08/2018;LOMBOK TENGAH;NUSA TENGGARA BARAT;0
239;5102;15/08/2018;TABANAN;BALI;0
240;5108;15/08/2018;BULELENG;BALI;0
241;5102;13/08/2018;TABANAN;BALI;0
242;5102;09/08/2018;TABANAN;BALI;0
243;5108;09/08/2018;BULELENG;BALI;0
244;5102;08/08/2018;TABANAN;BALI;0
245;5102;07/08/2018;TABANAN;BALI;0
246;5104;06/08/2018;GIANYAR;BALI;0
247;5102;06/08/2018;TABANAN;BALI;0
248;5105;06/08/2018;KLUNGKUNG;BALI;0
249;5106;05/08/2018;BANGLI;BALI;0
250;5202;05/08/2018;LOMBOK TENGAH;NUSA TENGGARA BARAT;0
251;5108;05/08/2018;BULELENG;BALI;0
252;5107;05/08/2018;KARANGASEM;BALI;0
253;5201;05/08/2018;LOMBOK BARAT;NUSA TENGGARA BARAT;0
254;5271;05/08/2018;KOTA MATARAM;NUSA TENGGARA BARAT;0
255;5171;05/08/2018;KOTA DENPASAR;BALI;0
256;5203;05/08/2018;LOMBOK TIMUR;NUSA TENGGARA BARAT;0
257;5208;05/08/2018;LOMBOK UTARA;NUSA TENGGARA BARAT;0
258;5107;29/07/2018;KARANGASEM;BALI;0
259;5271;29/07/2018;KOTA MATARAM;NUSA TENGGARA BARAT;0
260;5201;29/07/2018;LOMBOK BARAT;NUSA TENGGARA BARAT;0
261;5208;29/07/2018;LOMBOK UTARA;NUSA TENGGARA BARAT;0
262;5203;29/07/2018;LOMBOK TIMUR;NUSA TENGGARA BARAT;0
263;5207;29/07/2018;SUMBAWA BARAT;NUSA TENGGARA BARAT;0
264;1371;21/07/2018;KOTA PADANG;SUMATERA BARAT;0
265;1303;21/07/2018;SOLOK;SUMATERA BARAT;0
266;3202;07/07/2018;SUKABUMI;JAWA BARAT;0
267;9419;15/06/2018;SARMI;PAPUA;0
268;3529;13/06/2018;SUMENEP;JAWA TIMUR;0
269;3304;18/04/2018;BANJARNEGARA;JAWA TENGAH;0
270;8201;16/04/2018;HALMAHERA BARAT;MALUKU UTARA;0
271;9413;26/02/2018;BOVEN DIGOEL;PAPUA;0
272;1109;08/02/2018;PIDIE;ACEH;0
273;3271;23/01/2018;KOTA BOGOR;JAWA BARAT;0
274;3602;23/01/2018;LEBAK;BANTEN;0
275;3201;23/01/2018;BOGOR;JAWA BARAT;0
276;3601;23/01/2018;PANDEGLANG;BANTEN;0
277;3202;23/01/2018;SUKABUMI;JAWA BARAT;0
278;3203;23/01/2018;CIANJUR;JAWA BARAT;0
279;3604;23/01/2018;SERANG;BANTEN;0
280;3172;23/01/2018;KOTA JAKARTA TIMUR;DKI JAKARTA;0
281;3603;23/01/2018;TANGERANG;BANTEN;0
282;3326;15/12/2017;PEKALONGAN;JAWA TENGAH;0
283;3279;15/12/2017;KOTA BANJAR;JAWA BARAT;0
284;3205;15/12/2017;GARUT;JAWA BARAT;0
285;3305;15/12/2017;KEBUMEN;JAWA TENGAH;0
286;3306;15/12/2017;PURWOREJO;JAWA TENGAH;0
287;3206;15/12/2017;TASIKMALAYA;JAWA BARAT;0
288;3207;15/12/2017;CIAMIS;JAWA BARAT;0
289;3218;15/12/2017;PANGANDARAN;JAWA BARAT;0
290;3204;15/12/2017;BANDUNG;JAWA BARAT;0
291;3302;15/12/2017;BANYUMAS;JAWA TENGAH;0
292;3301;15/12/2017;CILACAP;JAWA TENGAH;0
293;3304;15/12/2017;BANJARNEGARA;JAWA TENGAH;0
294;3307;15/12/2017;WONOSOBO;JAWA TENGAH;0
295;3404;15/12/2017;SLEMAN;DI YOGYAKARTA;0
296;3202;15/12/2017;SUKABUMI;JAWA BARAT;0
297;3329;15/12/2017;BREBES;JAWA TENGAH;0
298;3375;15/12/2017;KOTA PEKALONGAN;JAWA TENGAH;0
299;3203;15/12/2017;CIANJUR;JAWA BARAT;0
300;3278;15/12/2017;KOTA TASIKMALAYA;JAWA BARAT;0
301;3402;15/12/2017;BANTUL;DI YOGYAKARTA;0
302;1707;06/12/2017;LEBONG;BENGKULU;0
303;8207;18/11/2017;PULAU MOROTAI;MALUKU UTARA;0
304;8171;31/10/2017;KOTA AMBON;MALUKU;0
305;9471;28/10/2017;KOTA JAYAPURA;PAPUA;0
306;5308;10/10/2017;LEMBATA;NUSA TENGGARA TIMUR;0
307;8201;28/09/2017;HALMAHERA BARAT;MALUKU UTARA;0
308;1371;01/09/2017;KOTA PADANG;SUMATERA BARAT;0
309;1307;01/09/2017;AGAM;SUMATERA BARAT;0
310;1706;13/08/2017;MUKOMUKO;BENGKULU;0
311;3204;18/07/2017;BANDUNG;JAWA BARAT;0
312;7501;15/07/2017;BOALEMO;GORONTALO;0
313;1277;14/07/2017;KOTA PADANG SIDEMPUAN;SUMATERA UTARA;0
314;7204;29/05/2017;POSO;SULAWESI TENGAH;0
315;7210;29/05/2017;SIGI;SULAWESI TENGAH;0
316;1113;29/05/2017;GAYO LUES;ACEH;0
317;3206;24/04/2017;TASIKMALAYA;JAWA BARAT;0
318;1301;21/04/2017;KEPULAUAN MENTAWAI;SUMATERA BARAT;0
319;5171;22/03/2017;KOTA DENPASAR;BALI;0
320;8207;08/03/2017;PULAU MOROTAI;MALUKU UTARA;0
321;1118;16/02/2017;PIDIE JAYA;ACEH;0
322;1212;16/01/2017;DELI SERDANG;SUMATERA UTARA;0
323;1118;07/12/2016;PIDIE JAYA;ACEH;0
324;1109;07/12/2016;PIDIE;ACEH;0
325;1110;07/12/2016;BIREUEN;ACEH;0
326;3509;16/11/2016;JEMBER;JAWA TIMUR;0
327;3507;16/11/2016;MALANG;JAWA TIMUR;0
328;3273;06/11/2016;KOTA BANDUNG;JAWA BARAT;0
329;9431;28/08/2016;MAMBERAMO TENGAH;PAPUA;0
330;5205;01/08/2016;DOMPU;NUSA TENGGARA BARAT;0
331;8271;08/06/2016;KOTA TERNATE;MALUKU UTARA;0
332;1501;02/06/2016;KERINCI;JAMBI;0
333;1706;02/06/2016;MUKOMUKO;BENGKULU;0
334;1302;02/06/2016;PESISIR SELATAN;SUMATERA BARAT;0
335;1371;02/06/2016;KOTA PADANG;SUMATERA BARAT;0
336;1709;10/04/2016;BENGKULU TENGAH;BENGKULU;0
337;3512;04/04/2016;SITUBONDO;JAWA TIMUR;0
338;5208;31/03/2016;LOMBOK UTARA;NUSA TENGGARA BARAT;0
339;8201;24/02/2016;HALMAHERA BARAT;MALUKU UTARA;0
340;5301;12/02/2016;SUMBA BARAT;NUSA TENGGARA TIMUR;0
341;8104;17/01/2016;BURU;MALUKU;0
342;8106;28/12/2015;SERAM BAGIAN BARAT;MALUKU;0
343;6571;21/12/2015;KOTA TARAKAN;KALIMANTAN UTARA;0
344;3601;28/11/2015;PANDEGLANG;BANTEN;0
345;8201;16/11/2015;HALMAHERA BARAT;MALUKU UTARA;0
346;1172;08/11/2015;KOTA SABANG;ACEH;0
347;3601;04/11/2015;PANDEGLANG;BANTEN;0
348;5307;04/11/2015;ALOR;NUSA TENGGARA TIMUR;0
349;9171;24/09/2015;KOTA SORONG;PAPUA BARAT;0
350;9428;28/07/2015;MAMBERAMO RAYA;PAPUA;0
351;3508;26/07/2015;LUMAJANG;JAWA TIMUR;0
352;3301;25/07/2015;CILACAP;JAWA TENGAH;0
353;3519;25/06/2015;MADIUN;JAWA TIMUR;0
354;7504;16/06/2015;BONE BOLANGO;GORONTALO;0
355;5304;16/06/2015;TIMOR TENGAH SELATAN;NUSA TENGGARA TIMUR;0
356;7103;16/06/2015;KEPULAUAN SANGIHE;SULAWESI UTARA;0
357;7106;15/06/2015;MINAHASA UTARA;SULAWESI UTARA;0
358;1310;13/06/2015;SOLOK SELATAN;SUMATERA BARAT;0
359;5302;11/06/2015;SUMBA TIMUR;NUSA TENGGARA TIMUR;0
360;8102;10/06/2015;MALUKU TENGGARA;MALUKU;0
361;3503;05/06/2015;TRENGGALEK;JAWA TIMUR;0
362;1116;01/06/2015;ACEH JAYA;ACEH;0
363;8171;01/06/2015;KOTA AMBON;MALUKU;0
364;1704;31/05/2015;KAUR;BENGKULU;0
365;9427;31/05/2015;SUPIORI;PAPUA;0
366;8201;18/03/2015;HALMAHERA BARAT;MALUKU UTARA;0
367;7604;08/02/2015;MAMUJU;SULAWESI BARAT;0
368;8201;21/11/2014;HALMAHERA BARAT;MALUKU UTARA;0
369;7171;15/11/2014;KOTA MANADO;SULAWESI UTARA;0
370;1708;28/10/2014;KEPAHIANG;BENGKULU;0
371;1374;11/09/2014;KOTA PADANG PANJANG;SUMATERA BARAT;0
372;1305;11/09/2014;TANAH DATAR;SUMATERA BARAT;0
373;3520;14/07/2014;MAGETAN;JAWA TIMUR;0
374;3206;22/06/2014;TASIKMALAYA;JAWA BARAT;0
375;3512;04/05/2014;SITUBONDO;JAWA TIMUR;0
376;8171;02/05/2014;KOTA AMBON;MALUKU;0
377;1608;31/03/2014;OGAN KOMERING ULU SELATAN;SUMATERA SELATAN;0
378;3207;27/01/2014;CIAMIS;JAWA BARAT;0
379;3301;25/01/2014;CILACAP;JAWA TENGAH;0
380;3306;25/01/2014;PURWOREJO;JAWA TENGAH;0
381;3218;25/01/2014;PANGANDARAN;JAWA BARAT;0
382;3305;25/01/2014;KEBUMEN;JAWA TENGAH;0
383;3205;25/01/2014;GARUT;JAWA BARAT;0
384;3402;25/01/2014;BANTUL;DI YOGYAKARTA;0
385;3302;25/01/2014;BANYUMAS;JAWA TENGAH;0
386;3202;15/01/2014;SUKABUMI;JAWA BARAT;0
387;3202;18/12/2013;SUKABUMI;JAWA BARAT;0
388;3206;31/10/2013;TASIKMALAYA;JAWA BARAT;0
389;1109;22/10/2013;PIDIE;ACEH;0
390;3208;13/07/2013;KUNINGAN;JAWA BARAT;0
391;3329;13/07/2013;BREBES;JAWA TENGAH;0
392;3508;08/07/2013;LUMAJANG;JAWA TIMUR;0
393;3510;08/07/2013;BANYUWANGI;JAWA TIMUR;0
394;3507;08/07/2013;MALANG;JAWA TIMUR;0
395;1117;02/07/2013;BENER MERIAH;ACEH;0
396;1106;02/07/2013;ACEH TENGAH;ACEH;0
397;5201;22/06/2013;LOMBOK BARAT;NUSA TENGGARA BARAT;0
398;3304;19/04/2013;BANJARNEGARA;JAWA TENGAH;0
